TARGET_CLASS,configuration_id,criterion,ctg_min_time_per_job,ctg_schedule,search_budget,p_object_pool,ctg_time_per_class,Size,Length,Statements_Executed,Total_Time,Random_Seed,Explicit_MethodExceptions,Explicit_TypeExceptions,Implicit_MethodExceptions,Implicit_TypeExceptions,LineCoverage,StatementCoverage,BranchCoverage,OnlyBranchCoverage,CBranchCoverage,IBranchCoverage,ExceptionCoverage,WeakMutationScore,OnlyMutationScore,MutationScore,OutputCoverage,InputCoverage,MethodCoverage,MethodTraceCoverage,MethodNoExceptionCoverage,LineCoverageBitString,StatementCoverageBitString,BranchCoverageBitString,OnlyBranchCoverageBitString,CBranchCoverageBitString,IBranchCoverageBitString,ExceptionCoverageBitString,WeakMutationCoverageBitString,OnlyMutationCoverageBitString,MutationCoverageBitString,OutputCoverageBitString,InputCoverageBitString,MethodCoverageBitString,MethodTraceCoverageBitString,MethodNoExceptionCoverageBitString
com.hascode.tutorial.RandomNumber,default,LINE;BRANCH;EXCEPTION;WEAKMUTATION;OUTPUT;METHOD;METHODNOEXCEPTION;CBRANCH,1,BUDGET,30,0.3,2,10,14,32843,54128,1492495147423,0,0,1,1,0.9393939393939394,0.9707602339181286,0.875,0.75,0.875,0.9090909090909091,1.0,0.957983193277311,0.957983193277311,0.09663865546218488,1.0,0.0,1.0,1.0,0.8,111111111111111111111100111111111,111111111111111111111111111111111111111111111111111000001111111111111111111111111111111111111111111111111111111111111111111111111111111111111111111111111111111111111111111,11111110,1110,11111110,11111111110,1,1111111111111111110111111111111111111111111111111111101111111111111111111111111111111111110110000000111111111111111111111111111111111111111111111111111111111111111111111111111111111111111111111111111111111111111111111111111111111111111111,1111111111111111110111111111111111111111111111111111101111111111111111111111111111111111110110000000111111111111111111111111111111111111111111111111111111111111111111111111111111111111111111111111111111111111111111111111111111111111111111,0000000000000000000000000000000000000000000000000000000000000000000000000000000000000000000000000000000000000000000000000000000000000000000000000000000000000000000000000011111111111111111111111111000000000000000000000000000000000000010000,111111,0000000000000000000000000000000,11111,11111,11011
